IP,AS,Range
163.253.2.33,AS11537,163.253.0.0/22
163.253.1.135,AS11537,163.253.0.0/22
163.253.1.104,AS11537,163.253.0.0/22
64.57.28.62,AS11537,64.57.16.0/20
163.253.1.9,AS11537,163.253.0.0/22
163.253.1.116,AS11537,163.253.0.0/22
62.115.191.217,AS1299,62.115.0.0/16
62.115.191.217,AS1299,62.115.0.0/16
62.115.143.14,AS1299,62.115.0.0/16
62.115.175.131,AS1299,62.115.0.0/16
62.115.124.56,AS1299,62.115.0.0/16
62.115.42.118,AS1299,62.115.0.0/16
62.115.191.217,AS1299,62.115.0.0/16
62.115.120.239,AS1299,62.115.0.0/16
104.26.3.57,AS13335,104.26.0.0/20
172.71.100.4,AS13335,172.71.100.0/24
162.158.156.5,AS13335,162.158.156.0/24
104.22.29.219,AS13335,104.22.16.0/20
162.158.156.5,AS13335,162.158.156.0/24
172.67.22.126,AS13335,172.67.16.0/20
104.22.29.219,AS13335,104.22.16.0/20
172.71.96.4,AS13335,172.71.96.0/24
141.101.65.52,AS13335,141.101.65.0/24
104.26.3.57,AS13335,104.26.0.0/20
172.67.22.126,AS13335,172.67.16.0/20
172.67.69.31,AS13335,172.67.64.0/20
141.101.65.52,AS13335,141.101.65.0/24
172.67.69.31,AS13335,172.67.64.0/20
172.70.216.3,AS13335,172.70.216.0/24
72.14.195.126,AS15169,72.14.192.0/18
142.250.224.245,AS15169,142.250.0.0/15
172.217.165.142,AS15169,172.217.0.0/16
142.251.55.243,AS15169,142.251.55.0/24
142.250.169.206,AS15169,142.250.0.0/15
72.14.204.154,AS15169,72.14.192.0/18
142.251.67.163,AS15169,142.250.0.0/15
72.14.213.20,AS15169,72.14.192.0/18
216.239.40.187,AS15169,216.239.32.0/19
142.251.227.213,AS15169,142.250.0.0/15
142.250.228.81,AS15169,142.250.0.0/15
72.14.213.20,AS15169,72.14.192.0/18
216.239.43.131,AS15169,216.239.32.0/19
142.251.55.89,AS15169,142.251.55.0/24
142.250.63.91,AS15169,142.250.0.0/15
72.14.204.154,AS15169,72.14.192.0/18
209.85.250.123,AS15169,209.85.128.0/17
72.14.195.126,AS15169,72.14.192.0/18
142.250.214.107,AS15169,142.250.0.0/15
142.250.183.14,AS15169,142.250.183.0/24
142.250.56.38,AS15169,142.250.0.0/15
108.170.253.121,AS15169,108.170.192.0/18
142.250.228.186,AS15169,142.250.0.0/15
72.14.205.196,AS15169,72.14.192.0/18
142.250.67.46,AS15169,142.250.67.0/24
108.170.241.225,AS15169,108.170.192.0/18
108.170.248.193,AS15169,108.170.192.0/18
142.250.214.109,AS15169,142.250.0.0/15
142.251.36.14,AS15169,142.251.36.0/24
142.251.71.187,AS15169,142.250.0.0/15
172.253.71.201,AS15169,172.253.0.0/16
108.170.241.161,AS15169,108.170.192.0/18
18.155.49.56,AS16509,18.155.48.0/21
18.65.39.98,AS16509,18.65.32.0/21
13.227.219.24,AS16509,13.227.216.0/21
13.224.214.22,AS16509,13.224.208.0/21
13.35.231.20,AS16509,13.35.224.0/21
18.67.161.53,AS16509,18.67.160.0/23
18.155.49.127,AS16509,18.155.48.0/21
108.159.61.40,AS16509,108.159.56.0/21
18.239.94.48,AS16509,18.239.92.0/22
13.224.214.79,AS16509,13.224.208.0/21
18.238.4.118,AS16509,18.238.0.0/21
154.54.7.158,AS174,154.48.0.0/12
38.88.165.74,AS174,38.0.0.0/8
154.54.24.146,AS174,154.48.0.0/12
149.6.165.74,AS174,149.6.0.0/15
154.54.38.66,AS174,154.48.0.0/12
154.54.3.125,AS174,154.48.0.0/12
154.54.3.125,AS174,154.48.0.0/12
38.104.44.122,AS174,38.0.0.0/8
154.54.57.253,AS174,154.48.0.0/12
154.54.42.85,AS174,154.48.0.0/12
38.88.165.74,AS174,38.0.0.0/8
154.54.88.226,AS174,154.48.0.0/12
154.54.24.146,AS174,154.48.0.0/12
154.54.7.158,AS174,154.48.0.0/12
154.54.40.106,AS174,154.48.0.0/12
154.54.3.9,AS174,154.48.0.0/12
38.104.72.1,AS174,38.0.0.0/8
154.54.40.110,AS174,154.48.0.0/12
154.54.90.58,AS174,154.48.0.0/12
154.54.30.66,AS174,154.48.0.0/12
38.122.62.10,AS174,38.0.0.0/8
154.54.30.66,AS174,154.48.0.0/12
154.54.40.110,AS174,154.48.0.0/12
154.54.88.226,AS174,154.48.0.0/12
154.54.39.217,AS174,154.48.0.0/12
154.54.30.185,AS174,154.48.0.0/12
154.54.40.106,AS174,154.48.0.0/12
149.14.224.161,AS174,149.14.0.0/16
130.117.2.65,AS174,130.117.0.0/16
154.54.56.130,AS174,154.48.0.0/12
38.122.62.10,AS174,38.0.0.0/8
38.104.72.1,AS174,38.0.0.0/8
200.143.252.26,AS1916,200.143.192.0/18
200.143.252.26,AS1916,200.143.192.0/18
200.143.255.90,AS1916,200.143.192.0/18
200.143.255.90,AS1916,200.143.192.0/18
5.56.21.189,AS201011,5.56.16.0/21
80.255.15.166,AS201011,80.255.0.0/20
62.40.125.214,AS20965,62.40.96.0/19
62.40.98.239,AS20965,62.40.96.0/19
62.40.98.106,AS20965,62.40.96.0/19
62.40.98.64,AS20965,62.40.96.0/19
62.40.124.198,AS20965,62.40.96.0/19
37.19.199.157,AS212238,37.19.198.0/23
37.19.199.156,AS212238,37.19.198.0/23
37.19.199.156,AS212238,37.19.198.0/23
37.19.199.156,AS212238,37.19.198.0/23
37.19.199.157,AS212238,37.19.198.0/23
37.19.199.157,AS212238,37.19.198.0/23
37.19.199.156,AS212238,37.19.198.0/23
37.19.199.156,AS212238,37.19.198.0/23
37.19.199.156,AS212238,37.19.198.0/23
37.19.199.156,AS212238,37.19.198.0/23
37.19.199.156,AS212238,37.19.198.0/23
37.19.199.156,AS212238,37.19.198.0/23
37.19.199.156,AS212238,37.19.198.0/23
223.230.16.1,AS24560,223.230.16.0/24
223.230.16.1,AS24560,223.230.16.0/24
223.230.16.1,AS24560,223.230.16.0/24
223.230.16.1,AS24560,223.230.16.0/24
223.230.16.1,AS24560,223.230.16.0/24
223.230.16.1,AS24560,223.230.16.0/24
223.230.16.1,AS24560,223.230.16.0/24
223.230.16.1,AS24560,223.230.16.0/24
223.230.16.1,AS24560,223.230.16.0/24
223.230.16.1,AS24560,223.230.16.0/24
223.230.16.1,AS24560,223.230.16.0/24
223.230.16.1,AS24560,223.230.16.0/24
223.230.16.1,AS24560,223.230.16.0/24
223.230.16.1,AS24560,223.230.16.0/24
223.230.16.1,AS24560,223.230.16.0/24
143.107.205.12,AS28571,143.107.0.0/16
143.107.159.1,AS28571,143.107.0.0/16
143.107.22.245,AS28571,143.107.0.0/16
143.107.159.94,AS28571,143.107.0.0/16
143.107.159.94,AS28571,143.107.0.0/16
143.107.0.10,AS28571,143.107.0.0/16
143.107.205.12,AS28571,143.107.0.0/16
143.107.0.184,AS28571,143.107.0.0/16
143.107.205.12,AS28571,143.107.0.0/16
143.107.159.1,AS28571,143.107.0.0/16
143.107.0.184,AS28571,143.107.0.0/16
143.107.0.14,AS28571,143.107.0.0/16
143.107.159.94,AS28571,143.107.0.0/16
143.107.205.12,AS28571,143.107.0.0/16
143.107.159.1,AS28571,143.107.0.0/16
143.107.0.14,AS28571,143.107.0.0/16
143.107.0.184,AS28571,143.107.0.0/16
207.244.69.244,AS30633,207.244.64.0/18
207.244.69.244,AS30633,207.244.64.0/18
173.208.126.45,AS30633,173.208.126.0/24
207.244.69.244,AS30633,207.244.64.0/18
173.208.126.45,AS30633,173.208.126.0/24
207.244.69.244,AS30633,207.244.64.0/18
80.249.210.100,AS3267,80.249.208.0/21
80.249.210.100,AS3267,80.249.208.0/21
80.249.210.100,AS3267,80.249.208.0/21
157.240.38.255,AS32934,157.240.0.0/17
157.240.44.31,AS32934,157.240.0.0/17
157.240.16.174,AS32934,157.240.16.0/24
173.252.67.121,AS32934,173.252.64.0/19
157.240.247.174,AS32934,157.240.247.0/24
157.240.103.104,AS32934,157.240.0.0/17
129.134.48.47,AS32934,129.134.0.0/17
157.240.38.191,AS32934,157.240.0.0/17
157.240.107.95,AS32934,157.240.0.0/17
157.240.75.4,AS32934,157.240.0.0/17
157.240.16.35,AS32934,157.240.16.0/24
157.240.38.141,AS32934,157.240.0.0/17
157.240.35.63,AS32934,157.240.0.0/17
157.240.66.204,AS32934,157.240.0.0/17
129.134.47.194,AS32934,129.134.0.0/17
157.240.228.174,AS32934,157.240.192.0/18
173.252.67.113,AS32934,173.252.64.0/19
31.13.71.174,AS32934,31.13.71.0/24
157.240.68.40,AS32934,157.240.0.0/17
129.134.101.67,AS32934,129.134.0.0/17
157.240.68.238,AS32934,157.240.0.0/17
157.240.70.60,AS32934,157.240.0.0/17
157.240.228.35,AS32934,157.240.192.0/18
31.13.71.36,AS32934,31.13.71.0/24
157.240.38.183,AS32934,157.240.0.0/17
157.240.247.35,AS32934,157.240.247.0/24
173.252.67.137,AS32934,173.252.64.0/19
129.134.48.53,AS32934,129.134.0.0/17
129.134.47.194,AS32934,129.134.0.0/17
157.240.70.60,AS32934,157.240.0.0/17
157.240.38.149,AS32934,157.240.0.0/17
157.240.107.173,AS32934,157.240.0.0/17
157.240.75.4,AS32934,157.240.0.0/17
157.240.103.100,AS32934,157.240.0.0/17
195.66.224.15,AS34984,195.66.224.0/19
195.66.224.15,AS34984,195.66.224.0/19
34.149.183.214,AS396982,34.148.0.0/14
34.149.183.214,AS396982,34.148.0.0/14
34.149.183.214,AS396982,34.148.0.0/14
34.149.183.214,AS396982,34.148.0.0/14
210.57.38.112,AS4637,210.57.38.0/24
109.236.95.224,AS49981,109.236.80.0/20
190.2.138.3,AS49981,190.2.128.0/20
109.236.95.226,AS49981,109.236.80.0/20
190.2.138.2,AS49981,190.2.128.0/20
109.236.95.108,AS49981,109.236.80.0/20
109.236.95.167,AS49981,109.236.80.0/20
109.236.95.226,AS49981,109.236.80.0/20
190.2.138.3,AS49981,190.2.128.0/20
109.236.95.173,AS49981,109.236.80.0/20
109.236.95.230,AS49981,109.236.80.0/20
190.2.138.3,AS49981,190.2.128.0/20
190.2.138.3,AS49981,190.2.128.0/20
109.236.95.226,AS49981,109.236.80.0/20
109.236.95.108,AS49981,109.236.80.0/20
109.236.95.224,AS49981,109.236.80.0/20
109.236.95.230,AS49981,109.236.80.0/20
109.236.95.108,AS49981,109.236.80.0/20
109.236.95.226,AS49981,109.236.80.0/20
109.236.95.108,AS49981,109.236.80.0/20
109.236.95.226,AS49981,109.236.80.0/20
190.2.138.3,AS49981,190.2.128.0/20
190.2.138.3,AS49981,190.2.128.0/20
109.236.95.226,AS49981,109.236.80.0/20
109.236.95.108,AS49981,109.236.80.0/20
190.2.138.2,AS49981,190.2.128.0/20
109.236.95.224,AS49981,109.236.80.0/20
190.2.138.3,AS49981,190.2.128.0/20
190.2.138.2,AS49981,190.2.128.0/20
109.236.95.224,AS49981,109.236.80.0/20
190.2.138.2,AS49981,190.2.128.0/20
109.236.95.106,AS49981,109.236.80.0/20
109.236.95.228,AS49981,109.236.80.0/20
190.2.138.2,AS49981,190.2.128.0/20
109.236.95.108,AS49981,109.236.80.0/20
109.236.95.106,AS49981,109.236.80.0/20
109.236.95.108,AS49981,109.236.80.0/20
199.232.169.36,AS54113,199.232.168.0/22
151.101.130.133,AS54113,151.101.128.0/22
151.101.66.133,AS54113,151.101.64.0/22
151.101.66.133,AS54113,151.101.64.0/22
151.101.130.133,AS54113,151.101.128.0/22
180.149.48.29,AS55824,180.149.48.0/24
180.149.48.2,AS55824,180.149.48.0/24
180.149.48.2,AS55824,180.149.48.0/24
180.149.48.18,AS55824,180.149.48.0/24
180.149.48.18,AS55824,180.149.48.0/24
180.149.48.13,AS55824,180.149.48.0/24
115.247.100.29,AS55836,115.247.100.0/22
115.247.100.29,AS55836,115.247.100.0/22
115.247.100.29,AS55836,115.247.100.0/22
115.247.100.29,AS55836,115.247.100.0/22
49.44.187.49,AS55836,49.44.128.0/17
115.247.100.29,AS55836,115.247.100.0/22
49.44.187.49,AS55836,49.44.128.0/17
49.44.187.157,AS55836,49.44.128.0/17
115.247.100.29,AS55836,115.247.100.0/22
103.232.241.70,AS59193,103.232.241.0/24
103.232.241.2,AS59193,103.232.241.0/24
103.232.241.70,AS59193,103.232.241.0/24
103.232.241.70,AS59193,103.232.241.0/24
103.232.241.2,AS59193,103.232.241.0/24
103.232.241.2,AS59193,103.232.241.0/24
103.232.241.2,AS59193,103.232.241.0/24
103.232.241.70,AS59193,103.232.241.0/24
103.232.241.2,AS59193,103.232.241.0/24
103.232.241.70,AS59193,103.232.241.0/24
103.232.241.2,AS59193,103.232.241.0/24
103.232.241.70,AS59193,103.232.241.0/24
103.232.241.2,AS59193,103.232.241.0/24
103.232.241.70,AS59193,103.232.241.0/24
103.232.241.70,AS59193,103.232.241.0/24
103.232.241.70,AS59193,103.232.241.0/24
103.232.241.70,AS59193,103.232.241.0/24
103.232.241.2,AS59193,103.232.241.0/24
103.232.241.70,AS59193,103.232.241.0/24
103.232.241.70,AS59193,103.232.241.0/24
103.232.241.2,AS59193,103.232.241.0/24
103.232.241.2,AS59193,103.232.241.0/24
103.232.241.2,AS59193,103.232.241.0/24
103.232.241.70,AS59193,103.232.241.0/24
103.232.241.2,AS59193,103.232.241.0/24
185.229.188.172,AS60068,185.229.188.0/23
185.229.188.172,AS60068,185.229.188.0/23
185.229.188.170,AS60068,185.229.188.0/23
185.229.188.169,AS60068,185.229.188.0/23
185.229.188.174,AS60068,185.229.188.0/23
185.229.188.174,AS60068,185.229.188.0/23
185.229.188.176,AS60068,185.229.188.0/23
185.229.188.169,AS60068,185.229.188.0/23
185.229.188.170,AS60068,185.229.188.0/23
45.134.215.17,AS60068,45.134.215.0/24
185.229.188.170,AS60068,185.229.188.0/23
185.229.188.174,AS60068,185.229.188.0/23
185.229.188.174,AS60068,185.229.188.0/23
45.134.215.17,AS60068,45.134.215.0/24
185.229.188.169,AS60068,185.229.188.0/23
185.229.188.174,AS60068,185.229.188.0/23
185.229.188.174,AS60068,185.229.188.0/23
185.229.188.174,AS60068,185.229.188.0/23
180.87.54.6,AS6453,180.87.0.0/17
180.87.107.196,AS6453,180.87.0.0/17
207.45.219.128,AS6453,207.45.192.0/19
207.45.219.137,AS6453,207.45.192.0/19
94.31.40.4,AS6461,94.31.0.0/18
195.22.205.9,AS6762,195.22.192.0/19
195.22.213.126,AS6762,195.22.192.0/19
93.186.128.57,AS6762,93.186.128.0/21
185.1.226.223,AS7713,185.1.226.0/23
146.97.35.169,AS786,146.97.0.0/16
146.97.33.29,AS786,146.97.0.0/16
129.215.97.67,AS786,129.215.0.0/16
146.97.33.2,AS786,146.97.0.0/16
146.97.33.54,AS786,146.97.0.0/16
146.97.74.34,AS786,146.97.0.0/16
146.97.33.22,AS786,146.97.0.0/16
146.97.38.38,AS786,146.97.0.0/16
146.97.74.34,AS786,146.97.0.0/16
146.97.156.78,AS786,146.97.0.0/16
146.97.38.38,AS786,146.97.0.0/16
146.97.33.54,AS786,146.97.0.0/16
146.97.33.42,AS786,146.97.0.0/16
146.97.33.62,AS786,146.97.0.0/16
192.41.103.209,AS786,192.41.103.0/24
146.97.33.42,AS786,146.97.0.0/16
146.97.156.78,AS786,146.97.0.0/16
129.215.97.20,AS786,129.215.0.0/16
192.41.103.209,AS786,192.41.103.0/24
146.97.156.78,AS786,146.97.0.0/16
146.97.74.34,AS786,146.97.0.0/16
146.97.38.38,AS786,146.97.0.0/16
129.215.97.62,AS786,129.215.0.0/16
192.41.103.209,AS786,192.41.103.0/24
129.215.97.20,AS786,129.215.0.0/16
146.97.33.57,AS786,146.97.0.0/16
146.97.33.49,AS786,146.97.0.0/16
146.97.33.29,AS786,146.97.0.0/16
146.97.33.62,AS786,146.97.0.0/16
146.97.35.169,AS786,146.97.0.0/16
146.97.35.197,AS786,146.97.0.0/16
146.97.33.2,AS786,146.97.0.0/16
146.97.33.22,AS786,146.97.0.0/16
96.87.9.185,AS7922,96.64.0.0/11
96.110.36.134,AS7922,96.96.0.0/12
96.110.34.53,AS7922,96.96.0.0/12
68.86.86.86,AS7922,68.80.0.0/13
68.86.83.181,AS7922,68.80.0.0/13
96.110.34.49,AS7922,96.96.0.0/12
96.110.36.130,AS7922,96.96.0.0/12
23.30.207.38,AS7922,23.30.0.0/15
68.86.83.181,AS7922,68.80.0.0/13
68.86.86.82,AS7922,68.80.0.0/13
50.242.150.106,AS7922,50.128.0.0/9
50.220.200.185,AS7922,50.128.0.0/9
96.110.34.57,AS7922,96.96.0.0/12
75.149.231.93,AS7922,75.144.0.0/13
68.86.86.90,AS7922,68.80.0.0/13
50.242.150.106,AS7922,50.128.0.0/9
96.110.37.69,AS7922,96.96.0.0/12
96.110.36.130,AS7922,96.96.0.0/12
96.110.37.65,AS7922,96.96.0.0/12
68.86.83.177,AS7922,68.80.0.0/13
96.110.37.65,AS7922,96.96.0.0/12
202.56.234.85,AS9498,202.56.234.0/24
182.71.238.93,AS9498,182.71.238.0/24
116.119.57.201,AS9498,116.119.32.0/19
59.144.94.157,AS9498,59.144.94.0/24
182.71.238.93,AS9498,182.71.238.0/24
182.79.245.155,AS9498,182.79.245.0/24
202.56.234.85,AS9498,202.56.234.0/24
116.119.94.26,AS9498,116.119.64.0/18
182.71.238.101,AS9498,182.71.238.0/24
202.56.234.85,AS9498,202.56.234.0/24
182.71.238.93,AS9498,182.71.238.0/24
182.79.161.173,AS9498,182.79.161.0/24
116.119.104.146,AS9498,116.119.64.0/18
59.144.94.165,AS9498,59.144.94.0/24
116.119.35.48,AS9498,116.119.32.0/19
116.119.73.90,AS9498,116.119.64.0/18
182.71.238.101,AS9498,182.71.238.0/24
202.56.234.85,AS9498,202.56.234.0/24
116.119.112.18,AS9498,116.119.64.0/18
182.71.238.101,AS9498,182.71.238.0/24
202.56.234.81,AS9498,202.56.234.0/24
182.79.223.41,AS9498,182.79.223.0/24
182.79.134.141,AS9498,182.79.134.0/24
